{
  "project_info": {
    "project_number": "774947517050",
    "project_id": "lab5e-fb07b",
    "storage_bucket": "lab5e-fb07b.appspot.com"
  },
  "client": [
    {
      "client_info": {
        "mobilesdk_app_id": "1:774947517050:android:533f53eee40f2ff2a3c1c3",
        "android_client_info": {
          "package_name": "com.example.lab5"
        }
      },
      "oauth_client": [],
      "api_key": [
        {
          "current_key": "AIzaSyAYPzptHy9vJ4UXU-LSqI8MzwFp-gEtm28"
        }
      ],
      "services": {
        "appinvite_service": {
          "other_platform_oauth_client": []
        }
      }
    }
  ],
  "configuration_version": "1"
}